,MedInc,HouseAge,AveRooms,AveBedrms,Population,AveOccup,Latitude,Longitude,MedHouseVal
MedInc,1.0,-0.11750583228344297,0.3232545454041186,-0.07111011569320824,0.0036605438111787653,0.024553734594073732,-0.07589191169764138,-0.019018773523562675,0.6882290177318352
HouseAge,-0.11750583228344297,1.0,-0.1575285618394816,-0.08735039861847582,-0.29158872302348515,0.017437477878239255,0.003460701748469253,-0.1010827560609726,0.10654925427306162
AveRooms,0.3232545454041186,-0.1575285618394816,1.0,0.8455433150349057,-0.07552934107307001,-0.0046594439352643305,0.11106683028483427,-0.02850289849323271,0.15210648391201814
AveBedrms,-0.07111011569320824,-0.08735039861847582,0.8455433150349057,1.0,-0.0719747160689377,-0.005808650684688151,0.07313823439082341,0.017361157369304197,-0.04845533667244674
Population,0.0036605438111787653,-0.29158872302348515,-0.07552934107307001,-0.0719747160689377,1.0,0.07501852903568564,-0.10166493054584594,0.09216347287776999,-0.02431616842109485
AveOccup,0.024553734594073732,0.017437477878239255,-0.0046594439352643305,-0.005808650684688151,0.07501852903568564,1.0,0.00765446012331734,-0.002294948133453655,-0.020959773821868102
Latitude,-0.07589191169764138,0.003460701748469253,0.11106683028483427,0.07313823439082341,-0.10166493054584594,0.00765446012331734,1.0,-0.9234083196769474,-0.141528425741668
Longitude,-0.019018773523562675,-0.1010827560609726,-0.02850289849323271,0.017361157369304197,0.09216347287776999,-0.002294948133453655,-0.9234083196769474,1.0,-0.049347171896250326
MedHouseVal,0.6882290177318352,0.10654925427306162,0.15210648391201814,-0.04845533667244674,-0.02431616842109485,-0.020959773821868102,-0.141528425741668,-0.049347171896250326,1.0
